,,,IAE_SO5,IAE_SO5,ISE_SO5,ISE_SO5,DEVmax_SO5,DEVmax_SO5,IAE_SNO2,IAE_SNO2,ISE_SNO2,ISE_SNO2,DEVmax_SNO2,DEVmax_SNO2,EQ,EQ,OCI,OCI,viol_NH,viol_NH
,,,mean,std,mean,std,mean,std,mean,std,mean,std,mean,std,mean,std,mean,std,mean,std
condition,weather,controller,,,,,,,,,,,,,,,,,,
clean,dry,MAACC,0.007467778597358313,0.00023753846984229737,0.00012226908702132514,5.702801045739509e-06,0.038420939794700515,7.283217528129153e-05,0.0031506164254746834,0.0014483373891202105,0.00041752412278480387,0.0005800187393919455,0.2937959966347674,0.39997375587144096,5288.280728250214,0.06896566981552663,3785.008072360797,0.005376567497874297,0.23792067307692305,0.00014164799302616066
clean,dry,PANDA,0.009345056564087512,0.0009159747712258172,0.0009616904847627298,0.0011171798549780467,0.579069425795413,0.6470723136162851,0.0032932600649621504,0.0002266121176578111,0.00011777892182259457,0.00011982828045548967,0.1928587488510326,0.18730315783870566,5288.575235511397,0.21069779949885462,3785.0505263082614,0.09876905844717379,0.23802083333333332,0.0
clean,dry,PID,0.007596232184296888,0.0,0.0001253340375061394,0.0,0.038472409436402843,0.0,0.0021273584093861584,0.0,7.388382249661519e-06,0.0,0.010981127295996984,0.0,5288.371130613002,0.0,3784.9857719251972,0.0,0.23802083333333332,0.0
clean,rain,MAACC,0.007365301456374297,0.00023406214178806935,0.00011982571752311281,5.592623163132287e-06,0.03883282966405954,8.04196298250283e-05,0.0033241528098856108,0.0014669404266721682,0.0004189500723844758,0.0005801691492376937,0.2937959966347674,0.39997375587144096,5552.38748863429,0.07938465102698412,3791.4389088597236,0.004223863832872859,0.2854567307692307,0.00016997759163140064
clean,rain,PANDA,0.015809216860124653,0.008355430256418293,0.0086615735205515,0.009775127749433525,1.2436449259850015,0.2927793719727144,0.0038017085035205803,0.0007275297877172543,0.00015414651393428873,7.028397434097947e-05,0.22028203258661294,0.1485207780550424,5553.4444353814015,0.8604370292809077,3791.870729397294,0.4487029315707201,0.285556891025641,2.832959860521054e-05
clean,rain,PID,0.007491273362869728,0.0,0.00012281309586395189,0.0,0.038889685730371326,0.0,0.002287519509616767,0.0,8.706350794781658e-06,0.0,0.010981127295996984,0.0,5552.483142365997,0.0,3791.418379731704,0.0,0.285536858974359,0.0
clean,storm,MAACC,0.008963258261336347,0.0009612057148056289,0.0003557107711675444,0.0002829190475347197,0.2709970311432783,0.23784293887596383,0.07669940295849281,0.010500569898668325,0.07653460042505209,0.012408129678028353,1.7396377010659574,0.0022093598264709413,5624.7186166188385,0.22532912291021906,3808.496993458535,0.03648394851876117,0.28044871794871795,5.665919721044071e-05
clean,storm,PANDA,0.025307822477158223,0.00793528397781618,0.012601144832403183,0.003170874540963748,1.1846130058000888,0.027531337997429073,0.04837429627359083,0.0002563376024703528,0.045843285900681555,0.00010027641249039153,1.3108590338356423,0.007112456731556325,5626.916346545686,0.8168866623026498,3808.89450664043,0.5862175402512877,0.28080929487179485,0.00022663678884184135
clean,storm,PID,0.007787519166798137,0.0,0.0001276945552093273,0.0,0.039896133600721084,0.0,0.045461487087817935,0.0,0.043089215471613485,0.0,1.2912086903908822,0.0,5625.036482816003,0.0,3808.208540093973,0.0,0.2804086538461538,0.0
detuned,dry,MAACC,0.051621853314850266,0.0014415324928419863,0.00480359482508934,0.0003850685572894542,0.41490056613419246,0.11193677023256732,0.06933243919273763,0.0010143218693919472,0.00938057021646724,0.002762496879041169,0.69456586346808,0.5719889642719137,5294.026171948117,0.3151199663561214,3785.392787762188,0.1058726788605522,0.24010416666666667,0.0004532735776836827
detuned,dry,PANDA,0.050479832140111855,0.0012284628107348905,0.004463767372503821,0.00019588476676780182,0.3331193231964597,0.018265220244343176,0.06998286643195026,0.006684839169140838,0.008618571447617782,0.0025461057111392134,0.4098656951298152,0.1940132135785472,5293.129892043029,0.2686418465690607,3785.074291996427,0.21212748453816677,0.24016426282051284,0.0007648991623412047
detuned,dry,PID,0.048531370589561126,0.0005845435958567906,0.004096211181046771,8.330289868901003e-05,0.30620130635892095,0.011077972085954919,0.06466151146795421,0.00014967160255410634,0.0067179051367321965,2.511674514135079e-05,0.2983184228505733,0.023955809154275722,5293.001409282929,0.1532055047971306,3785.104437361537,0.13093200355881798,0.24002403846153847,0.0006799103665255241
detuned,rain,MAACC,0.05423051160959985,0.0018382228011598087,0.005917571250304393,0.000733669640310215,0.5307870302111689,0.12250565946909166,0.0672727366553438,0.0015729869395208309,0.009073700999352048,0.0026701386840745148,0.7526898677072423,0.48978920917745905,5559.2676668153,0.4363878020787719,3791.9126758863667,0.08285407794195293,0.2859975961538461,0.0013881503316563175
detuned,rain,PANDA,0.050427247124397986,0.0014534952045102952,0.004474918917475345,0.00027960092665612105,0.3331193231964597,0.018265220244343176,0.06756114236210195,0.007020717488282833,0.008265834367991155,0.0025192838871854802,0.4346887369027742,0.15890813124387468,5557.722805885478,0.3302871186904787,3791.5247307889545,0.20914140657500496,0.28611778846153846,0.0017847647121295204
detuned,rain,PID,0.04843697374447491,0.0006221526957418008,0.004089579056774843,0.00010947745693199697,0.30620130635892095,0.011077972085954919,0.06261106117441177,0.000517946223969923,0.006403538008474399,6.024412044025154e-05,0.2983184228505733,0.023955809154275722,5557.5395934428025,0.19751697788092415,3791.5869995785806,0.1296259107552146,0.2859975961538461,0.001331491134445818
detuned,storm,MAACC,0.05480221896933864,0.002316826633655374,0.006357830986839583,0.0011297341068734392,0.6617240733906976,0.12847638171078754,0.1406718313285062,0.005915911695429425,0.09395959422071404,0.010272980790424654,1.6702789285946595,0.14939226431331826,5632.178699061289,0.6143276187320333,3808.2717106697346,0.36579049203773223,0.2827323717948718,0.0007932287609464447
detuned,storm,PANDA,0.05043447098156331,0.0006424975219740545,0.004445134923084038,6.077576796808774e-05,0.34088724423017364,0.007279720967021701,0.1144395288250268,0.008214017372744542,0.055655311204247895,0.0038775513535328227,1.3206564877537637,0.00968588008680893,5630.143600725025,0.24491120454899654,3808.155560222004,0.16093681956272876,0.28189102564102564,0.00039661438047320274
detuned,storm,PID,0.04865734668628571,0.0004311817978682975,0.004092332065821726,6.370375210959469e-05,0.30620130635892095,0.011077972085954919,0.10436767002713487,7.419427081855043e-05,0.05138973181758866,0.00012102409784285908,1.3059125413550987,0.0073198207303614635,5630.006930687126,0.18623326393752324,3808.1176260372763,0.1503031227421976,0.28169070512820515,0.00011331839442092068
noisy,dry,MAACC,0.03475845200438708,0.0007784065425758961,0.0019696780147678717,0.00013397098308788008,0.24533315554313173,0.07363601883066653,0.059140319230071556,0.001404346324640125,0.006148737042206984,0.0002629456731503519,0.3379931134714518,0.019102745994673147,5288.855606697003,0.2550075097721876,3785.21431158989,0.05857742148135136,0.23850160256410258,0.0003966143804732322
noisy,dry,PANDA,0.043516783354113,0.0017240841479077458,0.0039695011339241915,0.00041806523469484804,0.624683054426614,0.018237670119243325,0.06984116841996812,0.0037274485019724245,0.00972506610902991,0.0017321578611183119,0.5463946996580475,0.17933858087404173,5289.620221779015,0.39626693159401544,3785.748525593939,0.35795325293811653,0.2390224358974359,0.000509932774894143
noisy,dry,PID,0.03408454772132695,4.145745946446379e-05,0.0018541544664058612,9.331384564656375e-08,0.1962165905083793,0.015229701239091805,0.08322417003363902,0.0019072366669136667,0.014982896272401547,0.0004586571249422054,0.5182575703658516,0.01801072917808767,5288.429573829818,0.08428747833583661,3785.7392918319356,0.14067735911137066,0.2384014423076923,0.0005949215707098532
noisy,rain,MAACC,0.03476815154074896,0.000849576318789862,0.001974853677906249,0.00014572451806049778,0.2562891291469782,0.05814193237110521,0.0615729395709958,0.0008644274723296807,0.006790209454680863,0.000184821636351637,0.3598283059624572,0.025319891111288427,5553.407921433914,0.3183313146773048,3791.0465211014593,0.06306394821704356,0.28611778846153846,0.0008215583595516553
noisy,rain,PANDA,0.04511781368534955,0.0004627674416503657,0.0046858976857767146,0.00039238536272505976,0.7009659767955586,0.08964267327237212,0.06936962511400761,0.0025974798502496066,0.009757603438473043,0.0015142354726277408,0.5576580421921458,0.1634098091046663,5554.367773536764,0.05348243986738508,3791.9986402976106,0.12416788596087307,0.28615785256410253,8.498879581569051e-05
noisy,rain,PID,0.03411336209757049,4.275722581845021e-05,0.0018612278780587117,2.3478232158336424e-06,0.19920187224789654,0.004474476696776506,0.07974636895737801,0.0015005271029091855,0.014246105686703318,0.00042146158322763734,0.5408361852153667,0.022569067870601162,5552.809449635231,0.1408682376271805,3791.9273806719984,0.1412527719643103,0.2860176282051282,0.0005665919721046034
noisy,storm,MAACC,0.03649398361413192,0.00018950199463366524,0.002370075519016848,7.303843216788672e-06,0.42661604509637685,0.0416830388041721,0.13105178351425006,0.0019178601732949174,0.08671157790144393,0.0059777753303659215,1.5357108242543955,0.0021522159629811877,5626.250473404356,0.055099873376216815,3808.2904820550966,0.5091414140966114,0.282011217948718,0.00028329598605228207
noisy,storm,PANDA,0.043516193486190666,0.0018897764075562198,0.004126257090161293,0.0007959645317469258,0.624683054426614,0.018237670119243325,0.11431000347055446,0.004354804924912629,0.05722502507714657,0.002601536774307885,1.3150969719207173,0.00022188032862984776,5626.839271331368,0.2616752493725465,3808.642737072698,0.09333288659056244,0.2820913461538462,0.0
noisy,storm,PID,0.03410571948529531,9.63275021375742e-05,0.001859644075579355,3.215055069165004e-06,0.2082410114723764,0.017257749980214534,0.12137330530593948,0.0007493555336414272,0.05920109894166796,6.357313311029503e-05,1.310727270538052,0.007066608164639266,5625.4744801536835,0.1727815489050038,3808.371962146291,0.15648668255469533,0.28207131410256414,0.0005949215707098335
