controller,weather,IAE_SO5,ISE_SO5,DEVmax_SO5,IAE_SNO2,ISE_SNO2,DEVmax_SNO2,EQ,viol_NH,viol_TN,AE,PE,OCI,condition,seed
PID,dry,0.007596232184296888,0.0001253340375061394,0.038472409436402843,0.0021273584093861584,7.388382249661519e-06,0.010981127295996984,5288.371130613002,0.23802083333333332,0.13000801282051283,3488.666710749772,296.3190611754255,3784.9857719251972,clean,0
PID,dry,0.007596232184296888,0.0001253340375061394,0.038472409436402843,0.0021273584093861584,7.388382249661519e-06,0.010981127295996984,5288.371130613002,0.23802083333333332,0.13000801282051283,3488.666710749772,296.3190611754255,3784.9857719251972,clean,1
MAACC,dry,0.007299813534540149,0.00011823659773012501,0.038369439669670546,0.002126487236181763,7.388938945486325e-06,0.010971841561418838,5288.231962157419,0.2378205128205128,0.13000801282051283,3488.6973414635386,296.30692908992165,3785.00427055346,clean,0
MAACC,dry,0.007635743660176478,0.00012630157631252529,0.03847243991973048,0.004174745614767604,0.0008276593066241214,0.576620151708116,5288.32949434301,0.23802083333333332,0.13000801282051283,3488.666305443524,296.3455687246105,3785.0118741681345,clean,1
PANDA,dry,0.009992748536217084,0.0017516559360227105,1.0366186466715566,0.0031330210998672687,0.00020251031151059476,0.3253020818964356,5288.724221354204,0.23802083333333332,0.13004807692307693,3488.8326005019694,296.28776607729105,3785.1203665792605,clean,0
PANDA,dry,0.00869736459195794,0.00017172503350274923,0.1215202049192694,0.0034534990300570324,3.3047532134594395e-05,0.06041541580562959,5288.426249668591,0.23802083333333332,0.12996794871794873,3488.662147378476,296.31853865878577,3784.980686037262,clean,1
PID,rain,0.007491273362869728,0.00012281309586395189,0.038889685730371326,0.002287519509616767,8.706350794781658e-06,0.010981127295996984,5552.483142365997,0.285536858974359,0.11205929487179488,3482.231362831767,309.1870168999372,3791.418379731704,clean,0
PID,rain,0.007491273362869728,0.00012281309586395189,0.038889685730371326,0.002287519509616767,8.706350794781658e-06,0.010981127295996984,5552.483142365997,0.285536858974359,0.11205929487179488,3482.231362831767,309.1870168999372,3791.418379731704,clean,1
MAACC,rain,0.0071997945286969055,0.00011587113575984102,0.03877596439846975,0.0022868692865890333,8.70853272327254e-06,0.010971841561418838,5552.331355209227,0.28533653846153845,0.11205929487179488,3482.263778056442,309.1721440805228,3791.4359221369646,clean,0
MAACC,rain,0.007530808384051688,0.0001237802992863846,0.03888969492964933,0.004361436333182188,0.0008291916120456791,0.576620151708116,5552.443622059353,0.28557692307692306,0.11205929487179488,3482.231080672139,309.2108149103436,3791.4418955824826,clean,1
PANDA,rain,0.009901035466080026,0.0017495144019622588,1.0366186466715566,0.0032872672571105004,0.00020384478879953663,0.3253020818964356,5552.836014523214,0.28557692307692306,0.11209935897435898,3482.3972417949217,309.15620671672065,3791.5534485116423,clean,0
PANDA,rain,0.02171739825416928,0.01557363263914074,1.4506712052984465,0.00431614974993066,0.00010444823906904085,0.11526198327679027,5554.05285623959,0.285536858974359,0.11201923076923077,3483.586006271643,308.60200401130294,3792.188010282946,clean,1
PID,storm,0.007787519166798137,0.0001276945552093273,0.039896133600721084,0.045461487087817935,0.043089215471613485,1.2912086903908822,5625.036482816003,0.2804086538461538,0.11193910256410257,3490.4031316052287,317.8054084887444,3808.208540093973,clean,0
PID,storm,0.007787519166798137,0.0001276945552093273,0.039896133600721084,0.045461487087817935,0.043089215471613485,1.2912086903908822,5625.036482816003,0.2804086538461538,0.11193910256410257,3490.4031316052287,317.8054084887444,3808.208540093973,clean,1
MAACC,storm,0.009642933340390668,0.0005557647482061839,0.43917738607980983,0.06927437877682109,0.06776072778787617,1.7380754477505787,5624.877948369647,0.2804086538461538,0.11201923076923077,3490.5942495716195,317.9285419343179,3808.522791505937,clean,0
MAACC,storm,0.008283583182282023,0.00015565679412890486,0.10281667620674673,0.08412442714016452,0.08530847306222798,1.7411999543813361,5624.55928486803,0.280488782051282,0.11213942307692308,3490.316087096705,318.15510831442805,3808.471195411133,clean,1
PANDA,storm,0.030918915588513007,0.014843291722610431,1.1651454100069678,0.048193038216610945,0.04577237976941654,1.305829767449863,5627.493972644062,0.28064903846153844,0.1124198717948718,3492.4352489375383,316.87377610085366,3809.309025038392,clean,0
PANDA,storm,0.019696729365803443,0.010358997942195936,1.2040806015932097,0.04855555433057072,0.04591419203194657,1.3158883002214217,5626.338720447311,0.28096955128205126,0.11201923076923077,3491.6965914110715,316.78339683139603,3808.4799882424677,clean,1
PID,dry,0.03405523287060886,0.0018542204492588963,0.18544756548677233,0.0845727900141413,0.015307215835687706,0.5055220616299114,5288.3699735823175,0.23798076923076922,0.13028846153846155,3488.9241742846825,296.9145914618398,3785.8387657465223,noisy,0
PID,dry,0.03411386257204504,0.0018540884835528259,0.2069856155299863,0.08187555005313674,0.014658576709115387,0.5309930791017918,5288.489174077318,0.2388221153846154,0.13040865384615385,3488.669828950737,296.96998896661137,3785.6398179173484,noisy,1
MAACC,dry,0.03420803545961169,0.0018749462241442036,0.19326462728838711,0.06013334203935899,0.006334667710775259,0.32448543223933424,5288.67528915759,0.23822115384615383,0.13040865384615385,3488.8524616128466,296.4032704689973,3785.2557320818437,noisy,0
MAACC,dry,0.03530886854916247,0.00206440980539154,0.29740168379787635,0.05814729642078412,0.005962806373638709,0.3515007947035693,5289.035924236417,0.2387820512820513,0.13060897435897437,3488.7237699962593,296.44912110167655,3785.172891097936,noisy,1
PANDA,dry,0.0447358949464348,0.004265117896355264,0.6117870742122538,0.07247687253223647,0.010949886678712254,0.6732062263224545,5289.900424813505,0.23938301282051283,0.13052884615384616,3489.5805012020646,296.42113556437516,3786.00163676644,noisy,0
PANDA,dry,0.0422976717617912,0.003673884371493119,0.6375790346409742,0.06720546430769979,0.008500245539347565,0.41958317299364056,5289.340018744525,0.238661858974359,0.13072916666666667,3488.92817396823,296.5672404532086,3785.495414421439,noisy,1
PID,rain,0.03408312817324954,0.0018595677163417684,0.2023658050624484,0.0808074018471993,0.014544124030213199,0.5248774442790052,5552.709840749152,0.2856169871794872,0.11213942307692308,3482.5074950052854,309.5197664596306,3792.027261464916,noisy,0
PID,rain,0.03414359602189144,0.0018628880397756548,0.1960379394333447,0.07868533606755672,0.013948087343193437,0.5567949261517282,5552.909058521312,0.28641826923076924,0.1123397435897436,3482.242233353249,309.5852665258319,3791.827499879081,noisy,1
MAACC,rain,0.034167410364597146,0.0018718108830005297,0.21517657449608008,0.06218418209852407,0.006920898087055099,0.34192443925876015,5553.182827202641,0.285536858974359,0.11217948717948718,3482.4711157766296,308.61999827026244,3791.091114046892,noisy,0
MAACC,rain,0.035368892716900774,0.0020778964728119685,0.29740168379787635,0.06096169704346754,0.006659520822306626,0.3777321726661542,5553.633015665187,0.28669871794871793,0.1125,3482.3414319614903,308.6604961945365,3791.0019281560267,noisy,1
PANDA,rain,0.04479058768924623,0.004408439334955481,0.764352918950143,0.07120632073011453,0.010828329609481336,0.6732062263224545,5554.329955740859,0.2860977564102564,0.1123798076923077,3483.2310935063765,308.85534674540276,3792.086440251779,noisy,0
PANDA,rain,0.04544503968145287,0.004963356036597947,0.6375790346409742,0.0675329294979007,0.00868687726746475,0.442109858061837,5554.405591332668,0.2862179487179487,0.1125400641025641,3483.0017706728327,308.9090696706095,3791.910840343442,noisy,1
PID,storm,0.034037605655319075,0.00185737068833806,0.2204440835114081,0.121903179685297,0.05915614594814439,1.3057304239848473,5625.352305148788,0.281650641025641,0.11205929487179488,3490.743433821336,317.7391811193549,3808.482614940691,noisy,0
PID,storm,0.03417383331527155,0.0018619174628206497,0.1960379394333447,0.12084343092658197,0.05924605193519152,1.3157241170912566,5625.596655158578,0.2824919871794872,0.11201923076923077,3490.5017287828923,317.7595805689989,3808.261309351891,noisy,1
MAACC,storm,0.036627981759585766,0.0023752401160841625,0.39714168569748476,0.13240791544815453,0.09093850337395533,1.5372326707563975,5626.289434898463,0.28181089743589743,0.11225961538461539,3491.339999794867,316.59046491373914,3807.930464708606,noisy,0
MAACC,storm,0.03635998546867808,0.0023649109219495332,0.45609040449526894,0.12969565158034563,0.08248465242893253,1.5341889777523936,5626.211511910249,0.28221153846153846,0.11209935897435898,3490.794244099717,317.85625530187,3808.6504994015872,noisy,1
PANDA,storm,0.04217991977348131,0.0035634251721790673,0.6117870742122538,0.11738931556370476,0.059064589371765855,1.3152538650057035,5626.654238988068,0.2820913461538462,0.11217948717948718,3491.2612443647527,317.4474890249609,3808.7087333897134,noisy,0
PANDA,storm,0.04485246719890002,0.004689089008143519,0.6375790346409742,0.11123069137740417,0.05538546078252729,1.3149400788357313,5627.024303674668,0.2820913461538462,0.11229967948717949,3491.2362721182467,317.3404686374352,3808.576740755682,noisy,1
PID,dry,0.048118035849031626,0.004037307136491276,0.29836799717514695,0.06455567766283715,0.006700144915921412,0.31525773795237244,5292.893076631572,0.23954326923076924,0.12976762820512822,3488.3184976921343,296.8785225769931,3785.1970202691273,detuned,0
PID,dry,0.04894470533009063,0.004155115225602266,0.31403461554269496,0.06476734527307128,0.00673566535754298,0.28137910774877417,5293.109741934286,0.2405048076923077,0.13008814102564104,3488.0587712030333,296.9530832509125,3785.011854453946,detuned,1
MAACC,dry,0.05060253591386095,0.0045313102370082466,0.33574931683862363,0.07004967306489049,0.011333950492643925,1.09902313886862,5293.803348483018,0.23978365384615385,0.13000801282051283,3488.7618559597586,296.7057950915947,3785.467651051353,detuned,0
MAACC,dry,0.05264117071583958,0.005075879413170434,0.4940518154297613,0.06861520532058477,0.007427189940290555,0.29010858806754003,5294.248995413214,0.2404246794871795,0.13040865384615385,3488.621571784608,296.69635268841574,3785.3179244730236,detuned,1
PANDA,dry,0.04961117775620572,0.004325255925591163,0.32020386210181884,0.07470976153959119,0.010418940061582118,0.5470537540909999,5292.939933571609,0.23962339743589745,0.1297275641025641,3488.3102395294773,296.91404924974205,3785.2242887792195,detuned,0
PANDA,dry,0.05134848652401798,0.004602278819416479,0.34603478429110057,0.06525597132430933,0.006818202833653447,0.2726776361686305,5293.319850514448,0.2407051282051282,0.13012820512820514,3488.049629962604,296.8746652510299,3784.9242952136337,detuned,1
PID,rain,0.047997045354382394,0.004012166804591169,0.29836799717514695,0.06297730446167087,0.00644613703456432,0.31525773795237244,5557.399927848343,0.28505608974358976,0.11177884615384616,3481.825156231462,309.8535027076311,3791.678658939093,detuned,0
PID,rain,0.048876902134567426,0.004166991308958516,0.31403461554269496,0.06224481788715267,0.0063609389823844785,0.28137910774877417,5557.6792590372615,0.28693910256410254,0.11181891025641026,3481.5568319739546,309.9385082441138,3791.495340218068,detuned,1
MAACC,rain,0.052930691801568015,0.0053987884724903444,0.4441624476668442,0.06838500638699685,0.010961774169569661,1.09902313886862,5558.959094041224,0.2850160256410256,0.11193910256410257,3482.651738326901,309.3195242398272,3791.9712625667285,detuned,0
MAACC,rain,0.05553033141763168,0.006436354028118441,0.6174116127554936,0.06616046692369075,0.007185627829134434,0.40635659654586465,5559.576239589377,0.2869791666666667,0.11217948717948718,3482.5430304386964,309.31105876730845,3791.854089206005,detuned,1
PANDA,rain,0.049399470808866634,0.004277211206210759,0.32020386210181884,0.07252553930686172,0.010047237088354012,0.5470537540909999,5557.489257624113,0.2848557692307692,0.11173878205128206,3481.827287033885,309.8453290618856,3791.6726160957705,detuned,0
PANDA,rain,0.051455023439929345,0.004672626628739931,0.34603478429110057,0.06259674541734217,0.006484431647628296,0.32232371971454854,5557.956354146842,0.2873798076923077,0.11181891025641026,3481.55578456533,309.8210609168082,3791.3768454821384,detuned,1
PID,storm,0.04835245511308883,0.004047286710718005,0.29836799717514695,0.10442013329915585,0.05130415485731699,1.3007366464795904,5629.875243883314,0.28177083333333336,0.11173878205128206,3490.106777243179,318.11712915142215,3808.223906394601,detuned,0
PID,storm,0.04896223825948259,0.0041373774209254475,0.31403461554269496,0.10431520675511388,0.05147530877786033,1.3110884362306072,5630.138617490939,0.28161057692307695,0.11157852564102565,3489.8314630956943,318.1798825842575,3808.011345679952,detuned,1
MAACC,storm,0.053163975145847316,0.005558988338931647,0.5708775526606884,0.13648865005176722,0.08669549984080561,1.5646426454418991,5631.7443038362135,0.2821714743589744,0.11201923076923077,3490.5665302948664,317.96383331228157,3808.530363607148,detuned,0
MAACC,storm,0.05644046279282995,0.00715667363474752,0.7525705941207068,0.14485501260524514,0.10122368860062245,1.77591521174742,5632.613094286365,0.28329326923076925,0.11209935897435898,3490.5248793508636,317.4881783814577,3808.013057732321,detuned,1
PANDA,storm,0.0499801566268799,0.004402159965421983,0.3357397041692467,0.12024771621007857,0.058397154060730025,1.3275054392449062,5630.316779098551,0.2821714743589744,0.11173878205128206,3490.014753540174,318.2546061982857,3808.2693597384596,detuned,0
PANDA,storm,0.05088878533624672,0.004488109880746093,0.34603478429110057,0.10863134143997502,0.05291346834776576,1.3138075362626214,5629.9704223515,0.28161057692307695,0.11153846153846154,3489.879419608473,318.16234109707534,3808.0417607055488,detuned,1
